dataset,algorithm,model_family,status,hyperparameters,threshold,Macro_F0.5,positive_F0.5,accuracy,balanced_accuracy,precision,sensitivity,specificity,NPV,F1,F2,MCC,AUROC,AUPRC,Brier,ECE,training_time,inference_time,calibration_method,sensitivity_floor,sensitivity_floor_pass,winner,note
NEONATAL_SEPSIS_REGISTRY,logistic_regression,linear,EVALUATED,{'clf__C': 0.01},0.01,0.2695289524003829,0.09822263797942002,0.19666666666666666,0.568100358422939,0.08015267175572519,1.0,0.13620071684587814,1.0,0.19407876403116675,0.2340564610653069,0.10448373725246499,0.6234852363884621,0.0975987086946738,0.06862045360668487,0.0486953397845212,0.95,,isotonic,0.9,True,False,
NEONATAL_SEPSIS_REGISTRY,decision_tree,tree,EVALUATED,"{'clf__min_samples_leaf': 5, 'clf__max_depth': 3, 'clf__criterion': 'entropy'}",0.03,0.45239154616240274,0.12413793103448276,0.4633333333333333,0.6454173067076292,0.10227272727272728,0.8571428571428571,0.4336917562724014,0.9758064516129032,0.3916186973334509,0.4170285359801489,0.15069216239401162,0.632189793480116,0.0961561397103566,0.06528037626012018,0.01550708399301751,0.96,,isotonic,0.9,True,False,
NEONATAL_SEPSIS_REGISTRY,gaussian_nb,probabilistic,EVALUATED,{'clf__var_smoothing': 1e-08},0.03,0.31603259081419205,0.09528585757271817,0.24333333333333335,0.5491551459293394,0.0778688524590164,0.9047619047619048,0.1935483870967742,0.9642857142857143,0.23289214305829345,0.2600047864813119,0.06437567677198147,0.5978835978835979,0.08659474451653572,0.06736454937654808,0.026223463342253804,0.56,,isotonic,0.9,True,False,
NEONATAL_SEPSIS_REGISTRY,knn,instance_based,EVALUATED,"{'clf__weights': 'distance', 'clf__n_neighbors': 25}",0.01,0.042997542997543,0.085995085995086,0.07,0.5,0.07,1.0,0.0,0.0,0.06542056074766356,0.13671875,0.0,0.5741594128690903,0.12809172996159712,0.06540906761684624,0.025936458072979545,1.32,,isotonic,0.9,True,False,
NEONATAL_SEPSIS_REGISTRY,lda,discriminant,EVALUATED,{'clf__shrinkage': None},0.03,0.42804359775784995,0.1105331599479844,0.42,0.6001024065540195,0.09090909090909091,0.8095238095238095,0.3906810035842294,0.9646017699115044,0.35979199372056514,0.3785515479239414,0.10542078313147578,0.5952380952380952,0.08639352003196396,0.06876622848754542,0.03742717557903914,0.44,,isotonic,0.9,True,False,
NEONATAL_SEPSIS_REGISTRY,qda,discriminant,UNAVAILABLE,,,,,,,,,,,,,,,,,,,,,0.9,,False,training failed: LinAlgError: The covariance matrix of class 0 is not full rank. Increase the value of `reg_param` to reduce the collinearity.
NEONATAL_SEPSIS_REGISTRY,random_forest,bagging,EVALUATED,"{'clf__n_estimators': 600, 'clf__min_samples_leaf': 3, 'clf__max_depth': 12}",0.02,0.40627232228056687,0.11614401858304296,0.36333333333333334,0.6356886840757808,0.09523809523809523,0.9523809523809523,0.31899641577060933,0.9888888888888889,0.3277724985042058,0.3545622228991099,0.1510965239272868,0.6644478579962451,0.10340856174358369,0.0636618339191144,0.007477736963910294,34.31,,isotonic,0.9,True,False,
NEONATAL_SEPSIS_REGISTRY,extra_trees,bagging,EVALUATED,"{'clf__n_estimators': 200, 'clf__min_samples_leaf': 1, 'clf__max_depth': 12}",0.01,0.05197278832557613,0.08627773212818406,0.07333333333333333,0.5017921146953405,0.07023411371237458,1.0,0.0035842293906810036,1.0,0.06919642857142858,0.13931385588495854,0.01586616445762254,0.6549752517494453,0.1143658964494777,0.065136249062465,0.013044283848314943,16.07,,isotonic,0.9,True,False,
NEONATAL_SEPSIS_REGISTRY,gradient_boosting,boosting,EVALUATED,"{'clf__n_estimators': 100, 'clf__max_depth': 5, 'clf__learning_rate': 0.05}",0.04,0.4850764760623409,0.13776337115072934,0.5466666666666666,0.6682027649769585,0.11409395973154363,0.8095238095238095,0.5268817204301075,0.9735099337748344,0.4418604651162791,0.4724586820951794,0.17166954948691285,0.6971326164874552,0.1445384068426276,0.06374112592921356,0.03502334812302135,9.12,,isotonic,0.9,True,True,
NEONATAL_SEPSIS_REGISTRY,adaboost,boosting,EVALUATED,"{'clf__n_estimators': 100, 'clf__learning_rate': 0.5}",0.03,0.49195959699785796,0.1458670988654781,0.5533333333333333,0.6938044034818228,0.12080536912751678,0.8571428571428571,0.5304659498207885,0.9801324503311258,0.4500683994528044,0.48516146078567535,0.19779885686696047,0.7001194743130226,0.11925124175329746,0.06506039546365715,0.02892626565484377,5.17,,isotonic,0.9,True,False,
NEONATAL_SEPSIS_REGISTRY,hist_gradient_boosting,boosting,EVALUATED,"{'min_samples_leaf': 10, 'max_leaf_nodes': 31, 'max_iter': 200, 'learning_rate': 0.05}",0.04,0.4005826821446317,0.10650887573964497,0.36333333333333334,0.5916538658474142,0.08737864077669903,0.8571428571428571,0.32616487455197135,0.9680851063829787,0.3232629826032526,0.34318894271872336,0.10083121383349511,0.5954087728281275,0.10486976513424456,0.06461846134110273,0.022867491159136832,19.64,,isotonic,0.9,True,False,
NEONATAL_SEPSIS_REGISTRY,lightgbm,boosting,EVALUATED,"{'reg_lambda': 1.0, 'num_leaves': 31, 'n_estimators': 400, 'min_child_samples': 30, 'learning_rate': 0.08}",0.01,0.18718239777206475,0.08826125330979699,0.13666666666666666,0.5138248847926267,0.07194244604316546,0.9523809523809523,0.07526881720430108,0.9545454545454546,0.13665707396748855,0.18425511462389185,0.027062600541567373,0.6788701143539854,0.2069723303163075,0.060547241828272626,0.019971004675469823,11.98,,isotonic,0.9,True,False,
NEONATAL_SEPSIS_REGISTRY,catboost,boosting,EVALUATED,"{'iterations': 400, 'depth': 6, 'learning_rate': 0.03, 'l2_leaf_reg': 3.0}",0.02,0.4394366122054909,0.1147098515519568,0.44333333333333336,0.6126472094214029,0.09444444444444444,0.8095238095238095,0.4157706093189964,0.9666666666666667,0.3753039314704672,0.3956126802000588,0.11733708818023363,0.642089093701997,0.10802219516610767,0.06461072121952859,0.025072696221979926,208.24,,isotonic,0.9,True,False,
NEONATAL_SEPSIS_REGISTRY,xgboost,boosting,EVALUATED,"{'subsample': 0.8, 'n_estimators': 300, 'max_depth': 4, 'learning_rate': 0.05}",0.04,0.4092876642626832,0.11296076099881093,0.37333333333333335,0.6190476190476191,0.09268292682926829,0.9047619047619048,0.3333333333333333,0.9789473684210527,0.3327338980644551,0.356349952425717,0.13059415072068642,0.6535244922341698,0.14353790000848823,0.062117091500816436,0.02208167032312028,4.8,,isotonic,0.9,True,False,
NEONATAL_SEPSIS_REGISTRY,svm_linear,margin,EVALUATED,{'clf__C': 1.0},0.01,0.321889148377434,0.10406342913776016,0.24666666666666667,0.5949820788530465,0.08502024291497975,1.0,0.18996415770609318,1.0,0.23799676317209134,0.2719550109965653,0.1270857932001511,0.6561699948796723,0.10004615267773163,0.06817833886724556,0.03877314027926035,4.41,,isotonic,0.9,True,False,
NEONATAL_SEPSIS_REGISTRY,svm_rbf,margin,EVALUATED,"{'clf__gamma': 0.001, 'clf__C': 1.0}",0.01,0.29900693768992215,0.1012536162005786,0.22333333333333333,0.5824372759856631,0.08267716535433071,1.0,0.16487455197132617,1.0,0.2179020979020979,0.25429274154946074,0.11675341792022419,0.6727257211128179,0.10776872730081895,0.06762386166529731,0.0365840499507086,6.22,,isotonic,0.9,True,False,
NEONATAL_SEPSIS_REGISTRY,mlp,neural,EVALUATED,{'clf__alpha': 0.0001},0.01,0.21771993385898677,0.09017132551848513,0.15666666666666668,0.5245775729646697,0.07352941176470588,0.9523809523809523,0.0967741935483871,0.9642857142857143,0.15620726840168536,0.1994529347057437,0.043113896128102014,0.5245775729646697,0.07336134453781513,0.06515651459517462,0.003947990543735208,0.78,,isotonic,0.9,True,False,
NEONATAL_SEPSIS_REGISTRY,validation_weighted_soft_voting,ensemble,EVALUATED,"{'logistic_regression': 0.054915, 'decision_tree': 0.083833, 'gaussian_nb': 0.063996, 'knn': 0.008316, 'lda': 0.082106, 'random_forest': 0.075645, 'extra_trees': 0.014453, 'gradient_boosting': 0.091065, 'adaboost': 0.088198, 'hist_gradient_boosting': 0.078766, 'lightgbm': 0.037603, 'catboost': 0.086134, 'xgboost': 0.076161, 'svm_linear': 0.057881, 'svm_rbf': 0.060638, 'mlp': 0.040292}",0.06,0.4712687147631385,0.1370851370851371,0.49666666666666665,0.6853558627752177,0.1130952380952381,0.9047619047619048,0.4659498207885305,0.9848484848484849,0.41683080369211756,0.4489087301587301,0.190548908522986,0.6912442396313364,0.2005851799351579,0.06328430327619888,0.02730564051266059,,,n/a (ensemble probabilities),0.9,True,False,validation_weighted_soft_voting
NEONATAL_SEPSIS_REGISTRY,ensemble_soft_uniform,ensemble,EVALUATED,ensemble_soft_uniform,0.06,0.47194338188658774,0.1337295690936107,0.5066666666666667,0.6687147977470558,0.11042944785276074,0.8571428571428571,0.48028673835125446,0.9781021897810219,0.41994147157190637,0.44954457480185206,0.1728386376803478,0.7001194743130227,0.2079388538429637,0.06311891200845923,0.021148330844334578,,,n/a (ensemble probabilities),0.9,True,False,ensemble_soft_uniform
NEONATAL_SEPSIS_REGISTRY,stacking,ensemble,EVALUATED,stacking,0.06,0.49055250531730726,0.14492753623188404,0.55,0.6920122887864824,0.12,0.8571428571428571,0.5268817204301075,0.98,0.4479205005520795,0.4825920524972658,0.19596545041740512,0.7025089605734767,0.22259282631503227,0.06301515253784255,0.01359603392266753,,,n/a (ensemble probabilities),0.9,True,False,stacking
NEONATAL_SEPSIS_REGISTRY,ensemble_hard_voting,ensemble,EVALUATED,ensemble_hard_voting,,0.3488751474480626,0.1040582726326743,0.28,0.5908858166922683,0.0851063829787234,0.9523809523809523,0.22939068100358423,0.9846153846153847,0.264171511627907,0.2922182200409301,0.11257637220144408,,,,,,,n/a (ensemble probabilities),0.9,,False,ensemble_hard_voting
REG_ENSBURG_PEDIATRIC_APPENDICITIS_TABULAR,logistic_regression,linear,EVALUATED,{'clf__C': 1.0},0.34,0.893408394754475,0.9198813056379822,0.8974358974358975,0.8971920289855073,0.9253731343283582,0.8985507246376812,0.8958333333333334,0.86,0.8946578631452581,0.8961099197648362,0.7898657464842844,0.9293478260869564,0.9279516870313906,0.08692025694448129,0.0657701834136501,2.36,,isotonic,0.9,True,False,
REG_ENSBURG_PEDIATRIC_APPENDICITIS_TABULAR,decision_tree,tree,EVALUATED,"{'clf__min_samples_leaf': 15, 'clf__max_depth': None, 'clf__criterion': 'entropy'}",0.34,0.8701743462017434,0.8767123287671232,0.8717948717948718,0.8596014492753623,0.8648648648648649,0.927536231884058,0.7916666666666666,0.8837209302325582,0.8651348651348651,0.8613981762917933,0.7337472818675143,0.9325181159420289,0.9271220840554737,0.09250117886481522,0.08041958041958044,2.4,,isotonic,0.9,True,False,
REG_ENSBURG_PEDIATRIC_APPENDICITIS_TABULAR,gaussian_nb,probabilistic,EVALUATED,{'clf__var_smoothing': 1e-09},0.01,0.32122905027932963,0.6424581005586593,0.5897435897435898,0.5,0.5897435897435898,1.0,0.0,0.0,0.3709677419354839,0.4389312977099237,0.0,0.7714371980676327,0.8056393840718783,0.1834503679276829,0.06154646893979026,1.38,,isotonic,0.9,True,False,
REG_ENSBURG_PEDIATRIC_APPENDICITIS_TABULAR,knn,instance_based,EVALUATED,"{'clf__weights': 'distance', 'clf__n_neighbors': 25}",0.34,0.8337484433374844,0.8493150684931507,0.8376068376068376,0.8242753623188406,0.8378378378378378,0.8985507246376812,0.75,0.8372093023255814,0.8291708291708292,0.8258358662613983,0.6616663146311589,0.9242149758454106,0.9323644073779361,0.11021853824502909,0.05499206863284724,2.71,,isotonic,0.9,True,False,
REG_ENSBURG_PEDIATRIC_APPENDICITIS_TABULAR,lda,discriminant,EVALUATED,{'clf__shrinkage': 'auto'},0.43,0.8508403361344539,0.8683473389355743,0.8547008547008547,0.8451086956521738,0.8611111111111112,0.8985507246376812,0.7916666666666666,0.8444444444444444,0.848318462594372,0.8462461807071147,0.6978443343438746,0.9387077294685989,0.9483346904120612,0.09767155989883329,0.05690770550019126,1.23,,isotonic,0.9,True,False,
REG_ENSBURG_PEDIATRIC_APPENDICITIS_TABULAR,qda,discriminant,UNAVAILABLE,,,,,,,,,,,,,,,,,,,,,0.9,,False,"training failed: LinAlgError: The covariance matrix of class 0 is not full rank. When using `solver='svd'` the number of samples in each class should be more than the number of features, but class 0 has 176 samples and 212 features. Try using `solver='eigen'` and setting the parameter `shrinkage` for regularization."
REG_ENSBURG_PEDIATRIC_APPENDICITIS_TABULAR,random_forest,bagging,EVALUATED,"{'clf__n_estimators': 600, 'clf__min_samples_leaf': 1, 'clf__max_depth': 12}",0.45,0.851625158294639,0.9061488673139159,0.8547008547008547,0.8641304347826086,0.9333333333333333,0.8115942028985508,0.9166666666666666,0.7719298245614035,0.8531561461794019,0.8584337349397589,0.7166697709829348,0.9361413043478262,0.9504450621330146,0.10577065287749074,0.07773913850089953,51.56,,isotonic,0.9,True,False,
REG_ENSBURG_PEDIATRIC_APPENDICITIS_TABULAR,extra_trees,bagging,EVALUATED,"{'clf__n_estimators': 400, 'clf__min_samples_leaf': 1, 'clf__max_depth': 24}",0.38,0.8326923076923076,0.8769230769230768,0.8376068376068376,0.8401268115942029,0.890625,0.8260869565217391,0.8541666666666666,0.7735849056603774,0.8345120226308346,0.837484993997599,0.6721838996012184,0.9308574879227054,0.9388170308473052,0.10617307228643232,0.06621676547517391,25.03,,isotonic,0.9,True,False,
REG_ENSBURG_PEDIATRIC_APPENDICITIS_TABULAR,gradient_boosting,boosting,EVALUATED,"{'clf__n_estimators': 200, 'clf__max_depth': 5, 'clf__learning_rate': 0.1}",0.19,0.910907437541878,0.9347181008902076,0.9145299145299145,0.9148550724637681,0.9402985074626866,0.9130434782608695,0.9166666666666666,0.88,0.9122148859543817,0.9137291280148423,0.8249909051078729,0.9522946859903381,0.950594574507618,0.061728537619392385,0.054177123365868315,29.63,,isotonic,0.9,True,True,
REG_ENSBURG_PEDIATRIC_APPENDICITIS_TABULAR,adaboost,boosting,EVALUATED,"{'clf__n_estimators': 100, 'clf__learning_rate': 0.5}",0.21,0.9192307692307693,0.9538461538461539,0.9230769230769231,0.9284420289855073,0.96875,0.8985507246376812,0.9583333333333334,0.8679245283018868,0.9216109580882901,0.9252701080432173,0.8467190000302964,0.9495772946859904,0.9478042972116414,0.0752346447014444,0.06415668832147146,13.56,,isotonic,0.9,True,False,
REG_ENSBURG_PEDIATRIC_APPENDICITIS_TABULAR,hist_gradient_boosting,boosting,EVALUATED,"{'min_samples_leaf': 20, 'max_leaf_nodes': 31, 'max_iter': 300, 'learning_rate': 0.1}",0.19,0.9284064803292811,0.9495548961424333,0.9316239316239316,0.932518115942029,0.9552238805970149,0.927536231884058,0.9375,0.9,0.9297719087635055,0.9313483362648484,0.8601160637314614,0.9378019323671497,0.935558827933909,0.06583315674224766,0.0543900543900544,31.62,,isotonic,0.9,True,False,
REG_ENSBURG_PEDIATRIC_APPENDICITIS_TABULAR,lightgbm,boosting,EVALUATED,"{'reg_lambda': 0.0, 'num_leaves': 15, 'n_estimators': 200, 'min_child_samples': 30, 'learning_rate': 0.03}",0.15,0.9227111897390534,0.9243697478991595,0.9230769230769231,0.9157608695652174,0.9166666666666666,0.9565217391304348,0.875,0.9333333333333333,0.9196980096087851,0.9171759057180271,0.8407101035796285,0.9645229468599034,0.9768406617698113,0.06853879460176554,0.07853081186646951,19.52,,isotonic,0.9,True,False,
REG_ENSBURG_PEDIATRIC_APPENDICITIS_TABULAR,catboost,boosting,EVALUATED,"{'iterations': 400, 'depth': 4, 'learning_rate': 0.03, 'l2_leaf_reg': 1.0}",0.17,0.937605163213307,0.9530791788856304,0.9401709401709402,0.9397644927536232,0.9558823529411765,0.9420289855072463,0.9375,0.9183673469387755,0.9383700805177215,0.9391887001833445,0.8768853697122724,0.9646739130434783,0.9680315668267475,0.045813530117470955,0.04079706050607246,278.54,,isotonic,0.9,True,False,
REG_ENSBURG_PEDIATRIC_APPENDICITIS_TABULAR,xgboost,boosting,EVALUATED,"{'subsample': 0.8, 'n_estimators': 300, 'max_depth': 6, 'learning_rate': 0.05}",0.34,0.9227111897390534,0.9243697478991595,0.9230769230769231,0.9157608695652174,0.9166666666666666,0.9565217391304348,0.875,0.9333333333333333,0.9196980096087851,0.9171759057180271,0.8407101035796285,0.9586352657004831,0.9623647067533372,0.06841340307188422,0.06037711241334187,12.14,,isotonic,0.9,True,False,
REG_ENSBURG_PEDIATRIC_APPENDICITIS_TABULAR,svm_linear,margin,EVALUATED,{'clf__C': 1.0},0.34,0.8414940900654488,0.8640226628895185,0.8461538461538461,0.8378623188405797,0.8591549295774648,0.8840579710144928,0.7916666666666666,0.8260869565217391,0.8399696048632219,0.8386409318770736,0.6804666231405762,0.9112318840579711,0.9186366273883676,0.11034497698201651,0.10074161956904307,2.39,,isotonic,0.9,True,False,
REG_ENSBURG_PEDIATRIC_APPENDICITIS_TABULAR,svm_rbf,margin,EVALUATED,"{'clf__gamma': 'scale', 'clf__C': 10.0}",0.31,0.8856114321791075,0.9025787965616047,0.8888888888888888,0.8836050724637681,0.9,0.9130434782608695,0.8541666666666666,0.8723404255319149,0.8848163574403635,0.8840726050257575,0.7697710112791566,0.9382548309178744,0.9360788653526917,0.08850000134741165,0.07071123534143592,5.41,,isotonic,0.9,True,False,
REG_ENSBURG_PEDIATRIC_APPENDICITIS_TABULAR,mlp,neural,EVALUATED,{'clf__alpha': 0.001},0.22,0.8386561565500237,0.8354755784061697,0.8376068376068376,0.8147644927536232,0.8125,0.9420289855072463,0.6875,0.8918918918918919,0.8244769048559022,0.8167226828909279,0.6659092378862398,0.9307065217391304,0.9480443975385907,0.10678432764308399,0.05449259448411765,2.5,,isotonic,0.9,True,False,
REG_ENSBURG_PEDIATRIC_APPENDICITIS_TABULAR,validation_weighted_soft_voting,ensemble,EVALUATED,"{'logistic_regression': 0.064187, 'decision_tree': 0.065406, 'gaussian_nb': 0.022515, 'knn': 0.061313, 'lda': 0.062461, 'random_forest': 0.064726, 'extra_trees': 0.062386, 'gradient_boosting': 0.068404, 'adaboost': 0.067192, 'hist_gradient_boosting': 0.068404, 'lightgbm': 0.067842, 'catboost': 0.067192, 'xgboost': 0.067192, 'svm_linear': 0.063134, 'svm_rbf': 0.065498, 'mlp': 0.062148}",0.51,0.9293478260869565,0.9420289855072465,0.9316239316239316,0.9293478260869565,0.9420289855072463,0.9420289855072463,0.9166666666666666,0.9166666666666666,0.9293478260869565,0.9293478260869565,0.8586956521739131,0.9731280193236715,0.9832061606842971,0.06043476016322664,0.05556825195311711,,,n/a (ensemble probabilities),0.9,True,False,validation_weighted_soft_voting
REG_ENSBURG_PEDIATRIC_APPENDICITIS_TABULAR,ensemble_soft_uniform,ensemble,EVALUATED,ensemble_soft_uniform,0.42,0.93273891966759,0.9279778393351801,0.9316239316239316,0.9230072463768115,0.9178082191780822,0.9710144927536232,0.875,0.9545454545454546,0.9283527250459278,0.9248579476470302,0.859083145438774,0.9722222222222222,0.982187532242668,0.06158761582019638,0.06722935912072182,,,n/a (ensemble probabilities),0.9,True,False,ensemble_soft_uniform
REG_ENSBURG_PEDIATRIC_APPENDICITIS_TABULAR,stacking,ensemble,EVALUATED,stacking,0.35,0.9406789031402034,0.938375350140056,0.9401709401709402,0.9334239130434783,0.9305555555555556,0.9710144927536232,0.8958333333333334,0.9555555555555556,0.9375428963623884,0.9349083369707551,0.8764265458885669,0.9658816425120773,0.9734475188759636,0.04972386611309306,0.053080625331401676,,,n/a (ensemble probabilities),0.9,True,False,stacking
REG_ENSBURG_PEDIATRIC_APPENDICITIS_TABULAR,ensemble_hard_voting,ensemble,EVALUATED,ensemble_hard_voting,,0.9307841652827977,0.934844192634561,0.9316239316239316,0.926177536231884,0.9295774647887324,0.9565217391304348,0.8958333333333334,0.9347826086956522,0.9288753799392098,0.9271849950354781,0.8583365849534614,,,,,,,n/a (ensemble probabilities),0.9,,False,ensemble_hard_voting
