section,condition,metric,value,ci_low,ci_high,n_den,note
anchor_multi,control,CBR,,,,0,
anchor_multi,control,AOR,,,,0,
anchor_multi,control,BCR,0.0,0.0,0.0,30,
anchor_multi,control,HFR,0.028,0.0125,0.0467,321,
anchor_multi,control,CRR,0.8889,0.8547,0.9202,351,
anchor_multi,control,CMR,0.2703,0.1892,0.3514,111,
anchor_multi,control,DR,1.0,1.0,1.0,117,
anchor_multi,control,DDR,2.4017,,,351,DDR
anchor_multi,control,final_accuracy,0.8889,0.8547,0.9202,351,
anchor_multi,control,initial_accuracy,0.9145,0.8832,0.943,351,
anchor_multi,correct_anchor,CBR,,,,0,
anchor_multi,correct_anchor,AOR,,,,0,
anchor_multi,correct_anchor,BCR,,,,0,
anchor_multi,correct_anchor,HFR,0.1111,0.0798,0.1453,351,
anchor_multi,correct_anchor,CRR,0.8889,0.8547,0.9202,351,
anchor_multi,correct_anchor,CMR,0.2703,0.1892,0.3514,111,
anchor_multi,correct_anchor,DR,1.0,1.0,1.0,117,
anchor_multi,correct_anchor,DDR,2.4017,,,351,DDR
anchor_multi,correct_anchor,final_accuracy,0.8889,0.8547,0.9202,351,
anchor_multi,correct_anchor,initial_accuracy,1.0,1.0,1.0,351,
anchor_multi,incorrect_anchor,CBR,0.0513,0.0285,0.0769,351,
anchor_multi,incorrect_anchor,AOR,0.9487,0.9231,0.9715,351,
anchor_multi,incorrect_anchor,BCR,0.9145,0.8832,0.943,351,
anchor_multi,incorrect_anchor,HFR,,,,0,
anchor_multi,incorrect_anchor,CRR,0.9138,0.8822,0.9397,348,
anchor_multi,incorrect_anchor,CMR,0.2973,0.2162,0.3874,111,
anchor_multi,incorrect_anchor,DR,1.0,1.0,1.0,117,
anchor_multi,incorrect_anchor,DDR,2.4017,,,351,DDR
anchor_multi,incorrect_anchor,final_accuracy,0.9145,0.8832,0.943,351,
anchor_multi,incorrect_anchor,initial_accuracy,0.0,0.0,0.0,351,
anchor_multi,high_confidence_incorrect_anchor,CBR,0.0513,0.0285,0.0769,351,
anchor_multi,high_confidence_incorrect_anchor,AOR,0.9487,0.9231,0.9715,351,
anchor_multi,high_confidence_incorrect_anchor,BCR,0.9145,0.8832,0.943,351,
anchor_multi,high_confidence_incorrect_anchor,HFR,,,,0,
anchor_multi,high_confidence_incorrect_anchor,CRR,0.9138,0.8822,0.9397,348,
anchor_multi,high_confidence_incorrect_anchor,CMR,0.2973,0.2162,0.3874,111,
anchor_multi,high_confidence_incorrect_anchor,DR,1.0,1.0,1.0,117,
anchor_multi,high_confidence_incorrect_anchor,DDR,2.4017,,,351,DDR
anchor_multi,high_confidence_incorrect_anchor,final_accuracy,0.9145,0.8832,0.943,351,
anchor_multi,high_confidence_incorrect_anchor,initial_accuracy,0.0,0.0,0.0,351,
anchor_multi,low_confidence_incorrect_anchor,CBR,0.0513,0.0285,0.0769,351,
anchor_multi,low_confidence_incorrect_anchor,AOR,0.9487,0.9231,0.9715,351,
anchor_multi,low_confidence_incorrect_anchor,BCR,0.9145,0.8832,0.943,351,
anchor_multi,low_confidence_incorrect_anchor,HFR,,,,0,
anchor_multi,low_confidence_incorrect_anchor,CRR,0.9138,0.8822,0.9397,348,
anchor_multi,low_confidence_incorrect_anchor,CMR,0.2973,0.2162,0.3874,111,
anchor_multi,low_confidence_incorrect_anchor,DR,1.0,1.0,1.0,117,
anchor_multi,low_confidence_incorrect_anchor,DDR,2.4017,,,351,DDR
anchor_multi,low_confidence_incorrect_anchor,final_accuracy,0.9145,0.8832,0.943,351,
anchor_multi,low_confidence_incorrect_anchor,initial_accuracy,0.0,0.0,0.0,351,
anchor_multi,model_anchor,CBR,1.0,1.0,1.0,30,
anchor_multi,model_anchor,AOR,0.0,0.0,0.0,30,
anchor_multi,model_anchor,BCR,0.0,0.0,0.0,30,
anchor_multi,model_anchor,HFR,0.028,0.0125,0.0467,321,
anchor_multi,model_anchor,CRR,0.8889,0.8547,0.9202,351,
anchor_multi,model_anchor,CMR,0.2703,0.1892,0.3514,111,
anchor_multi,model_anchor,DR,1.0,1.0,1.0,117,
anchor_multi,model_anchor,DDR,2.4017,,,351,DDR
anchor_multi,model_anchor,final_accuracy,0.8889,0.8547,0.9202,351,
anchor_multi,model_anchor,initial_accuracy,0.9145,0.8832,0.943,351,
anchor_multi,no_model_anchor,CBR,,,,0,
anchor_multi,no_model_anchor,AOR,,,,0,
anchor_multi,no_model_anchor,BCR,0.0,0.0,0.0,30,
anchor_multi,no_model_anchor,HFR,0.028,0.0125,0.0467,321,
anchor_multi,no_model_anchor,CRR,0.8889,0.8547,0.9202,351,
anchor_multi,no_model_anchor,CMR,0.2703,0.1892,0.3514,111,
anchor_multi,no_model_anchor,DR,1.0,1.0,1.0,117,
anchor_multi,no_model_anchor,DDR,2.4017,,,351,DDR
anchor_multi,no_model_anchor,final_accuracy,0.8889,0.8547,0.9202,351,
anchor_multi,no_model_anchor,initial_accuracy,0.9145,0.8832,0.943,351,
single_baseline,2_single_llm|control,CBR,,,,0,
single_baseline,2_single_llm|control,AOR,,,,0,
single_baseline,2_single_llm|control,HFR,0.4019,0.3489,0.4579,321,
single_baseline,2_single_llm|control,BCR,0.2,0.0667,0.3333,30,
single_baseline,2_single_llm|control,final_accuracy,0.5641,0.51,0.6154,351,
single_baseline,2_single_llm|correct_anchor,CBR,,,,0,
single_baseline,2_single_llm|correct_anchor,AOR,,,,0,
single_baseline,2_single_llm|correct_anchor,HFR,0.0085,0.0,0.0199,351,
single_baseline,2_single_llm|correct_anchor,BCR,,,,0,
single_baseline,2_single_llm|correct_anchor,final_accuracy,0.9915,0.9801,1.0,351,
single_baseline,2_single_llm|incorrect_anchor,CBR,0.9744,0.9573,0.9886,351,
single_baseline,2_single_llm|incorrect_anchor,AOR,0.0256,0.0114,0.0427,351,
single_baseline,2_single_llm|incorrect_anchor,HFR,,,,0,
single_baseline,2_single_llm|incorrect_anchor,BCR,0.0256,0.0114,0.0427,351,
single_baseline,2_single_llm|incorrect_anchor,final_accuracy,0.0256,0.0114,0.0427,351,
single_baseline,2_single_llm|high_confidence_incorrect_anchor,CBR,1.0,1.0,1.0,351,
single_baseline,2_single_llm|high_confidence_incorrect_anchor,AOR,0.0,0.0,0.0,351,
single_baseline,2_single_llm|high_confidence_incorrect_anchor,HFR,,,,0,
single_baseline,2_single_llm|high_confidence_incorrect_anchor,BCR,0.0,0.0,0.0,351,
single_baseline,2_single_llm|high_confidence_incorrect_anchor,final_accuracy,0.0,0.0,0.0,351,
single_baseline,2_single_llm|low_confidence_incorrect_anchor,CBR,0.8205,0.7806,0.8575,351,
single_baseline,2_single_llm|low_confidence_incorrect_anchor,AOR,0.1795,0.1425,0.2194,351,
single_baseline,2_single_llm|low_confidence_incorrect_anchor,HFR,,,,0,
single_baseline,2_single_llm|low_confidence_incorrect_anchor,BCR,0.1795,0.1425,0.2194,351,
single_baseline,2_single_llm|low_confidence_incorrect_anchor,final_accuracy,0.1795,0.1425,0.2194,351,
single_baseline,2_single_llm|model_anchor,CBR,1.0,1.0,1.0,30,
single_baseline,2_single_llm|model_anchor,AOR,0.0,0.0,0.0,30,
single_baseline,2_single_llm|model_anchor,HFR,0.0,0.0,0.0,321,
single_baseline,2_single_llm|model_anchor,BCR,0.0,0.0,0.0,30,
single_baseline,2_single_llm|model_anchor,final_accuracy,0.9145,0.8832,0.943,351,
single_baseline,2_single_llm|no_model_anchor,CBR,,,,0,
single_baseline,2_single_llm|no_model_anchor,AOR,,,,0,
single_baseline,2_single_llm|no_model_anchor,HFR,0.4019,0.3489,0.4579,321,
single_baseline,2_single_llm|no_model_anchor,BCR,0.2,0.0667,0.3333,30,
single_baseline,2_single_llm|no_model_anchor,final_accuracy,0.5641,0.51,0.6154,351,
single_baseline,3_lightgbm_plus_single_llm|control,CBR,,,,0,
single_baseline,3_lightgbm_plus_single_llm|control,AOR,,,,0,
single_baseline,3_lightgbm_plus_single_llm|control,HFR,0.0374,0.0187,0.0592,321,
single_baseline,3_lightgbm_plus_single_llm|control,BCR,0.1,0.0,0.2333,30,
single_baseline,3_lightgbm_plus_single_llm|control,final_accuracy,0.8889,0.8547,0.9231,351,
single_baseline,3_lightgbm_plus_single_llm|correct_anchor,CBR,,,,0,
single_baseline,3_lightgbm_plus_single_llm|correct_anchor,AOR,,,,0,
single_baseline,3_lightgbm_plus_single_llm|correct_anchor,HFR,0.0256,0.0114,0.0427,351,
single_baseline,3_lightgbm_plus_single_llm|correct_anchor,BCR,,,,0,
single_baseline,3_lightgbm_plus_single_llm|correct_anchor,final_accuracy,0.9744,0.9573,0.9886,351,
single_baseline,3_lightgbm_plus_single_llm|incorrect_anchor,CBR,0.5214,0.4701,0.5755,351,
single_baseline,3_lightgbm_plus_single_llm|incorrect_anchor,AOR,0.4786,0.4274,0.5299,351,
single_baseline,3_lightgbm_plus_single_llm|incorrect_anchor,HFR,,,,0,
single_baseline,3_lightgbm_plus_single_llm|incorrect_anchor,BCR,0.4701,0.416,0.5214,351,
single_baseline,3_lightgbm_plus_single_llm|incorrect_anchor,final_accuracy,0.4701,0.416,0.5214,351,
single_baseline,3_lightgbm_plus_single_llm|high_confidence_incorrect_anchor,CBR,0.5641,0.51,0.6182,351,
single_baseline,3_lightgbm_plus_single_llm|high_confidence_incorrect_anchor,AOR,0.4359,0.3846,0.49,351,
single_baseline,3_lightgbm_plus_single_llm|high_confidence_incorrect_anchor,HFR,,,,0,
single_baseline,3_lightgbm_plus_single_llm|high_confidence_incorrect_anchor,BCR,0.4274,0.3732,0.4815,351,
single_baseline,3_lightgbm_plus_single_llm|high_confidence_incorrect_anchor,final_accuracy,0.4274,0.3732,0.4815,351,
single_baseline,3_lightgbm_plus_single_llm|low_confidence_incorrect_anchor,CBR,0.3248,0.2735,0.3732,351,
single_baseline,3_lightgbm_plus_single_llm|low_confidence_incorrect_anchor,AOR,0.6752,0.6268,0.7265,351,
single_baseline,3_lightgbm_plus_single_llm|low_confidence_incorrect_anchor,HFR,,,,0,
single_baseline,3_lightgbm_plus_single_llm|low_confidence_incorrect_anchor,BCR,0.6496,0.5983,0.7009,351,
single_baseline,3_lightgbm_plus_single_llm|low_confidence_incorrect_anchor,final_accuracy,0.6496,0.5983,0.7009,351,
single_baseline,3_lightgbm_plus_single_llm|model_anchor,CBR,1.0,1.0,1.0,30,
single_baseline,3_lightgbm_plus_single_llm|model_anchor,AOR,0.0,0.0,0.0,30,
single_baseline,3_lightgbm_plus_single_llm|model_anchor,HFR,0.0,0.0,0.0,321,
single_baseline,3_lightgbm_plus_single_llm|model_anchor,BCR,0.0,0.0,0.0,30,
single_baseline,3_lightgbm_plus_single_llm|model_anchor,final_accuracy,0.9145,0.8832,0.943,351,
single_baseline,3_lightgbm_plus_single_llm|no_model_anchor,CBR,,,,0,
single_baseline,3_lightgbm_plus_single_llm|no_model_anchor,AOR,,,,0,
single_baseline,3_lightgbm_plus_single_llm|no_model_anchor,HFR,0.0374,0.0187,0.0592,321,
single_baseline,3_lightgbm_plus_single_llm|no_model_anchor,BCR,0.1,0.0,0.2333,30,
single_baseline,3_lightgbm_plus_single_llm|no_model_anchor,final_accuracy,0.8889,0.8547,0.9231,351,
single_baseline,4_lightgbm_self_reflection|control,CBR,,,,0,
single_baseline,4_lightgbm_self_reflection|control,AOR,,,,0,
single_baseline,4_lightgbm_self_reflection|control,HFR,0.0561,0.0312,0.0841,321,
single_baseline,4_lightgbm_self_reflection|control,BCR,0.1,0.0,0.2333,30,
single_baseline,4_lightgbm_self_reflection|control,final_accuracy,0.8718,0.8376,0.906,351,
single_baseline,4_lightgbm_self_reflection|correct_anchor,CBR,,,,0,
single_baseline,4_lightgbm_self_reflection|correct_anchor,AOR,,,,0,
single_baseline,4_lightgbm_self_reflection|correct_anchor,HFR,0.0513,0.0285,0.0741,351,
single_baseline,4_lightgbm_self_reflection|correct_anchor,BCR,,,,0,
single_baseline,4_lightgbm_self_reflection|correct_anchor,final_accuracy,0.9487,0.9259,0.9715,351,
single_baseline,4_lightgbm_self_reflection|incorrect_anchor,CBR,0.4872,0.4359,0.5413,351,
single_baseline,4_lightgbm_self_reflection|incorrect_anchor,AOR,0.5128,0.4587,0.567,351,
single_baseline,4_lightgbm_self_reflection|incorrect_anchor,HFR,,,,0,
single_baseline,4_lightgbm_self_reflection|incorrect_anchor,BCR,0.5043,0.4501,0.5584,351,
single_baseline,4_lightgbm_self_reflection|incorrect_anchor,final_accuracy,0.5043,0.4501,0.5584,351,
single_baseline,4_lightgbm_self_reflection|high_confidence_incorrect_anchor,CBR,0.547,0.4929,0.5983,351,
single_baseline,4_lightgbm_self_reflection|high_confidence_incorrect_anchor,AOR,0.453,0.4017,0.5071,351,
single_baseline,4_lightgbm_self_reflection|high_confidence_incorrect_anchor,HFR,,,,0,
single_baseline,4_lightgbm_self_reflection|high_confidence_incorrect_anchor,BCR,0.4444,0.3932,0.4986,351,
single_baseline,4_lightgbm_self_reflection|high_confidence_incorrect_anchor,final_accuracy,0.4444,0.3932,0.4986,351,
single_baseline,4_lightgbm_self_reflection|low_confidence_incorrect_anchor,CBR,0.3419,0.2906,0.3903,351,
single_baseline,4_lightgbm_self_reflection|low_confidence_incorrect_anchor,AOR,0.6581,0.6097,0.7094,351,
single_baseline,4_lightgbm_self_reflection|low_confidence_incorrect_anchor,HFR,,,,0,
single_baseline,4_lightgbm_self_reflection|low_confidence_incorrect_anchor,BCR,0.6325,0.5812,0.6838,351,
single_baseline,4_lightgbm_self_reflection|low_confidence_incorrect_anchor,final_accuracy,0.6325,0.5812,0.6838,351,
single_baseline,4_lightgbm_self_reflection|model_anchor,CBR,1.0,1.0,1.0,30,
single_baseline,4_lightgbm_self_reflection|model_anchor,AOR,0.0,0.0,0.0,30,
single_baseline,4_lightgbm_self_reflection|model_anchor,HFR,0.0,0.0,0.0,321,
single_baseline,4_lightgbm_self_reflection|model_anchor,BCR,0.0,0.0,0.0,30,
single_baseline,4_lightgbm_self_reflection|model_anchor,final_accuracy,0.9145,0.8832,0.943,351,
single_baseline,4_lightgbm_self_reflection|no_model_anchor,CBR,,,,0,
single_baseline,4_lightgbm_self_reflection|no_model_anchor,AOR,,,,0,
single_baseline,4_lightgbm_self_reflection|no_model_anchor,HFR,0.0561,0.0312,0.0841,321,
single_baseline,4_lightgbm_self_reflection|no_model_anchor,BCR,0.1,0.0,0.2333,30,
single_baseline,4_lightgbm_self_reflection|no_model_anchor,final_accuracy,0.8718,0.8376,0.906,351,
ablation,10_all_see_anchor|control,CBR,,,,0,
ablation,10_all_see_anchor|control,AOR,,,,0,
ablation,10_all_see_anchor|control,BCR,0.0,0.0,0.0,30,
ablation,10_all_see_anchor|control,HFR,0.0093,0.0,0.0218,321,
ablation,10_all_see_anchor|control,CRR,0.9099,0.8799,0.9399,333,
ablation,10_all_see_anchor|control,CMR,0.2973,0.2162,0.3874,111,
ablation,10_all_see_anchor|control,DR,1.0,1.0,1.0,117,
ablation,10_all_see_anchor|control,final_accuracy,0.906,0.8746,0.9373,351,
ablation,10_all_see_anchor|control,initial_accuracy,0.9145,0.8832,0.943,351,
ablation,10_all_see_anchor|incorrect_anchor,CBR,0.0513,0.0285,0.0769,351,
ablation,10_all_see_anchor|incorrect_anchor,AOR,0.9487,0.9231,0.9715,351,
ablation,10_all_see_anchor|incorrect_anchor,BCR,0.9145,0.8832,0.943,351,
ablation,10_all_see_anchor|incorrect_anchor,HFR,,,,0,
ablation,10_all_see_anchor|incorrect_anchor,CRR,0.8684,0.807,0.9298,114,
ablation,10_all_see_anchor|incorrect_anchor,CMR,0.2973,0.2162,0.3874,111,
ablation,10_all_see_anchor|incorrect_anchor,DR,1.0,1.0,1.0,117,
ablation,10_all_see_anchor|incorrect_anchor,final_accuracy,0.9145,0.8832,0.943,351,
ablation,10_all_see_anchor|incorrect_anchor,initial_accuracy,0.0,0.0,0.0,351,
ablation,11_information_isolated|control,CBR,,,,0,
ablation,11_information_isolated|control,AOR,,,,0,
ablation,11_information_isolated|control,BCR,0.0,0.0,0.0,30,
ablation,11_information_isolated|control,HFR,0.0093,0.0,0.0218,321,
ablation,11_information_isolated|control,CRR,0.9099,0.8799,0.9399,333,
ablation,11_information_isolated|control,CMR,0.2973,0.2162,0.3874,111,
ablation,11_information_isolated|control,DR,1.0,1.0,1.0,117,
ablation,11_information_isolated|control,final_accuracy,0.906,0.8746,0.9373,351,
ablation,11_information_isolated|control,initial_accuracy,0.9145,0.8832,0.943,351,
ablation,11_information_isolated|incorrect_anchor,CBR,0.0513,0.0285,0.0769,351,
ablation,11_information_isolated|incorrect_anchor,AOR,0.9487,0.9231,0.9715,351,
ablation,11_information_isolated|incorrect_anchor,BCR,0.9145,0.8832,0.943,351,
ablation,11_information_isolated|incorrect_anchor,HFR,,,,0,
ablation,11_information_isolated|incorrect_anchor,CRR,0.8684,0.807,0.9298,114,
ablation,11_information_isolated|incorrect_anchor,CMR,0.2973,0.2162,0.3874,111,
ablation,11_information_isolated|incorrect_anchor,DR,1.0,1.0,1.0,117,
ablation,11_information_isolated|incorrect_anchor,final_accuracy,0.9145,0.8832,0.943,351,
ablation,11_information_isolated|incorrect_anchor,initial_accuracy,0.0,0.0,0.0,351,
ablation,1_lightgbm_only|control,CBR,,,,0,
ablation,1_lightgbm_only|control,AOR,,,,0,
ablation,1_lightgbm_only|control,BCR,0.0,0.0,0.0,30,
ablation,1_lightgbm_only|control,HFR,0.0,0.0,0.0,321,
ablation,1_lightgbm_only|control,CRR,,,,0,
ablation,1_lightgbm_only|control,CMR,,,,0,
ablation,1_lightgbm_only|control,DR,1.0,1.0,1.0,117,
ablation,1_lightgbm_only|control,final_accuracy,0.9145,0.8832,0.943,351,
ablation,1_lightgbm_only|control,initial_accuracy,0.9145,0.8832,0.943,351,
ablation,1_lightgbm_only|incorrect_anchor,CBR,0.0513,0.0285,0.0769,351,
ablation,1_lightgbm_only|incorrect_anchor,AOR,0.9487,0.9231,0.9715,351,
ablation,1_lightgbm_only|incorrect_anchor,BCR,0.9145,0.8832,0.943,351,
ablation,1_lightgbm_only|incorrect_anchor,HFR,,,,0,
ablation,1_lightgbm_only|incorrect_anchor,CRR,,,,0,
ablation,1_lightgbm_only|incorrect_anchor,CMR,,,,0,
ablation,1_lightgbm_only|incorrect_anchor,DR,1.0,1.0,1.0,117,
ablation,1_lightgbm_only|incorrect_anchor,final_accuracy,0.9145,0.8832,0.943,351,
ablation,1_lightgbm_only|incorrect_anchor,initial_accuracy,0.0,0.0,0.0,351,
ablation,2_single_llm|control,CBR,,,,0,
ablation,2_single_llm|control,AOR,,,,0,
ablation,2_single_llm|control,BCR,0.2,0.0667,0.3333,30,
ablation,2_single_llm|control,HFR,0.4019,0.3489,0.4579,321,
ablation,2_single_llm|control,CRR,,,,0,
ablation,2_single_llm|control,CMR,,,,0,
ablation,2_single_llm|control,DR,1.0,1.0,1.0,117,
ablation,2_single_llm|control,final_accuracy,0.5641,0.51,0.6154,351,
ablation,2_single_llm|control,initial_accuracy,0.9145,0.8832,0.943,351,
ablation,2_single_llm|incorrect_anchor,CBR,0.9744,0.9573,0.9886,351,
ablation,2_single_llm|incorrect_anchor,AOR,0.0256,0.0114,0.0427,351,
ablation,2_single_llm|incorrect_anchor,BCR,0.0256,0.0114,0.0427,351,
ablation,2_single_llm|incorrect_anchor,HFR,,,,0,
ablation,2_single_llm|incorrect_anchor,CRR,,,,0,
ablation,2_single_llm|incorrect_anchor,CMR,,,,0,
ablation,2_single_llm|incorrect_anchor,DR,1.0,1.0,1.0,117,
ablation,2_single_llm|incorrect_anchor,final_accuracy,0.0256,0.0114,0.0427,351,
ablation,2_single_llm|incorrect_anchor,initial_accuracy,0.0,0.0,0.0,351,
ablation,3_lightgbm_plus_single_llm|control,CBR,,,,0,
ablation,3_lightgbm_plus_single_llm|control,AOR,,,,0,
ablation,3_lightgbm_plus_single_llm|control,BCR,0.1,0.0,0.2333,30,
ablation,3_lightgbm_plus_single_llm|control,HFR,0.0374,0.0187,0.0592,321,
ablation,3_lightgbm_plus_single_llm|control,CRR,,,,0,
ablation,3_lightgbm_plus_single_llm|control,CMR,,,,0,
ablation,3_lightgbm_plus_single_llm|control,DR,1.0,1.0,1.0,117,
ablation,3_lightgbm_plus_single_llm|control,final_accuracy,0.8889,0.8547,0.9231,351,
ablation,3_lightgbm_plus_single_llm|control,initial_accuracy,0.9145,0.8832,0.943,351,
ablation,3_lightgbm_plus_single_llm|incorrect_anchor,CBR,0.5214,0.4701,0.5755,351,
ablation,3_lightgbm_plus_single_llm|incorrect_anchor,AOR,0.4786,0.4274,0.5299,351,
ablation,3_lightgbm_plus_single_llm|incorrect_anchor,BCR,0.4701,0.416,0.5214,351,
ablation,3_lightgbm_plus_single_llm|incorrect_anchor,HFR,,,,0,
ablation,3_lightgbm_plus_single_llm|incorrect_anchor,CRR,,,,0,
ablation,3_lightgbm_plus_single_llm|incorrect_anchor,CMR,,,,0,
ablation,3_lightgbm_plus_single_llm|incorrect_anchor,DR,1.0,1.0,1.0,117,
ablation,3_lightgbm_plus_single_llm|incorrect_anchor,final_accuracy,0.4701,0.416,0.5214,351,
ablation,3_lightgbm_plus_single_llm|incorrect_anchor,initial_accuracy,0.0,0.0,0.0,351,
ablation,4_lightgbm_self_reflection|control,CBR,,,,0,
ablation,4_lightgbm_self_reflection|control,AOR,,,,0,
ablation,4_lightgbm_self_reflection|control,BCR,0.1,0.0,0.2333,30,
ablation,4_lightgbm_self_reflection|control,HFR,0.0561,0.0312,0.0841,321,
ablation,4_lightgbm_self_reflection|control,CRR,,,,0,
ablation,4_lightgbm_self_reflection|control,CMR,,,,0,
ablation,4_lightgbm_self_reflection|control,DR,1.0,1.0,1.0,117,
ablation,4_lightgbm_self_reflection|control,final_accuracy,0.8718,0.8376,0.906,351,
ablation,4_lightgbm_self_reflection|control,initial_accuracy,0.9145,0.8832,0.943,351,
ablation,4_lightgbm_self_reflection|incorrect_anchor,CBR,0.4872,0.4359,0.5413,351,
ablation,4_lightgbm_self_reflection|incorrect_anchor,AOR,0.5128,0.4587,0.567,351,
ablation,4_lightgbm_self_reflection|incorrect_anchor,BCR,0.5043,0.4501,0.5584,351,
ablation,4_lightgbm_self_reflection|incorrect_anchor,HFR,,,,0,
ablation,4_lightgbm_self_reflection|incorrect_anchor,CRR,,,,0,
ablation,4_lightgbm_self_reflection|incorrect_anchor,CMR,,,,0,
ablation,4_lightgbm_self_reflection|incorrect_anchor,DR,1.0,1.0,1.0,117,
ablation,4_lightgbm_self_reflection|incorrect_anchor,final_accuracy,0.5043,0.4501,0.5584,351,
ablation,4_lightgbm_self_reflection|incorrect_anchor,initial_accuracy,0.0,0.0,0.0,351,
ablation,5_generic_multi_agent|control,CBR,,,,0,
ablation,5_generic_multi_agent|control,AOR,,,,0,
ablation,5_generic_multi_agent|control,BCR,0.0,0.0,0.0,30,
ablation,5_generic_multi_agent|control,HFR,0.0,0.0,0.0,321,
ablation,5_generic_multi_agent|control,CRR,,,,0,
ablation,5_generic_multi_agent|control,CMR,0.2973,0.2162,0.3874,111,
ablation,5_generic_multi_agent|control,DR,1.0,1.0,1.0,117,
ablation,5_generic_multi_agent|control,final_accuracy,0.9145,0.8832,0.943,351,
ablation,5_generic_multi_agent|control,initial_accuracy,0.9145,0.8832,0.943,351,
ablation,5_generic_multi_agent|incorrect_anchor,CBR,0.0513,0.0285,0.0769,351,
ablation,5_generic_multi_agent|incorrect_anchor,AOR,0.9487,0.9231,0.9715,351,
ablation,5_generic_multi_agent|incorrect_anchor,BCR,0.9145,0.8832,0.943,351,
ablation,5_generic_multi_agent|incorrect_anchor,HFR,,,,0,
ablation,5_generic_multi_agent|incorrect_anchor,CRR,,,,0,
ablation,5_generic_multi_agent|incorrect_anchor,CMR,0.2973,0.2162,0.3874,111,
ablation,5_generic_multi_agent|incorrect_anchor,DR,1.0,1.0,1.0,117,
ablation,5_generic_multi_agent|incorrect_anchor,final_accuracy,0.9145,0.8832,0.943,351,
ablation,5_generic_multi_agent|incorrect_anchor,initial_accuracy,0.0,0.0,0.0,351,
ablation,6_proponent_opponent|control,CBR,,,,0,
ablation,6_proponent_opponent|control,AOR,,,,0,
ablation,6_proponent_opponent|control,BCR,0.0,0.0,0.0,30,
ablation,6_proponent_opponent|control,HFR,0.0093,0.0,0.0218,321,
ablation,6_proponent_opponent|control,CRR,0.9099,0.8799,0.9399,333,
ablation,6_proponent_opponent|control,CMR,,,,0,
ablation,6_proponent_opponent|control,DR,1.0,1.0,1.0,117,
ablation,6_proponent_opponent|control,final_accuracy,0.906,0.8746,0.9373,351,
ablation,6_proponent_opponent|control,initial_accuracy,0.9145,0.8832,0.943,351,
ablation,6_proponent_opponent|incorrect_anchor,CBR,0.0513,0.0285,0.0769,351,
ablation,6_proponent_opponent|incorrect_anchor,AOR,0.9487,0.9231,0.9715,351,
ablation,6_proponent_opponent|incorrect_anchor,BCR,0.9145,0.8832,0.943,351,
ablation,6_proponent_opponent|incorrect_anchor,HFR,,,,0,
ablation,6_proponent_opponent|incorrect_anchor,CRR,0.8684,0.807,0.9298,114,
ablation,6_proponent_opponent|incorrect_anchor,CMR,,,,0,
ablation,6_proponent_opponent|incorrect_anchor,DR,1.0,1.0,1.0,117,
ablation,6_proponent_opponent|incorrect_anchor,final_accuracy,0.9145,0.8832,0.943,351,
ablation,6_proponent_opponent|incorrect_anchor,initial_accuracy,0.0,0.0,0.0,351,
ablation,7_full_five_agent|control,CBR,,,,0,
ablation,7_full_five_agent|control,AOR,,,,0,
ablation,7_full_five_agent|control,BCR,0.0,0.0,0.0,30,
ablation,7_full_five_agent|control,HFR,0.0093,0.0,0.0218,321,
ablation,7_full_five_agent|control,CRR,0.9099,0.8799,0.9399,333,
ablation,7_full_five_agent|control,CMR,0.2973,0.2162,0.3874,111,
ablation,7_full_five_agent|control,DR,1.0,1.0,1.0,117,
ablation,7_full_five_agent|control,final_accuracy,0.906,0.8746,0.9373,351,
ablation,7_full_five_agent|control,initial_accuracy,0.9145,0.8832,0.943,351,
ablation,7_full_five_agent|incorrect_anchor,CBR,0.0513,0.0285,0.0769,351,
ablation,7_full_five_agent|incorrect_anchor,AOR,0.9487,0.9231,0.9715,351,
ablation,7_full_five_agent|incorrect_anchor,BCR,0.9145,0.8832,0.943,351,
ablation,7_full_five_agent|incorrect_anchor,HFR,,,,0,
ablation,7_full_five_agent|incorrect_anchor,CRR,0.8684,0.807,0.9298,114,
ablation,7_full_five_agent|incorrect_anchor,CMR,0.2973,0.2162,0.3874,111,
ablation,7_full_five_agent|incorrect_anchor,DR,1.0,1.0,1.0,117,
ablation,7_full_five_agent|incorrect_anchor,final_accuracy,0.9145,0.8832,0.943,351,
ablation,7_full_five_agent|incorrect_anchor,initial_accuracy,0.0,0.0,0.0,351,
ablation,8_full_without_rag|control,CBR,,,,0,
ablation,8_full_without_rag|control,AOR,,,,0,
ablation,8_full_without_rag|control,BCR,0.0,0.0,0.0,30,
ablation,8_full_without_rag|control,HFR,0.0093,0.0,0.0218,321,
ablation,8_full_without_rag|control,CRR,0.9099,0.8799,0.9399,333,
ablation,8_full_without_rag|control,CMR,0.2973,0.2162,0.3874,111,
ablation,8_full_without_rag|control,DR,1.0,1.0,1.0,117,
ablation,8_full_without_rag|control,final_accuracy,0.906,0.8746,0.9373,351,
ablation,8_full_without_rag|control,initial_accuracy,0.9145,0.8832,0.943,351,
ablation,8_full_without_rag|incorrect_anchor,CBR,0.0513,0.0285,0.0769,351,
ablation,8_full_without_rag|incorrect_anchor,AOR,0.9487,0.9231,0.9715,351,
ablation,8_full_without_rag|incorrect_anchor,BCR,0.9145,0.8832,0.943,351,
ablation,8_full_without_rag|incorrect_anchor,HFR,,,,0,
ablation,8_full_without_rag|incorrect_anchor,CRR,0.8684,0.807,0.9298,114,
ablation,8_full_without_rag|incorrect_anchor,CMR,0.2973,0.2162,0.3874,111,
ablation,8_full_without_rag|incorrect_anchor,DR,1.0,1.0,1.0,117,
ablation,8_full_without_rag|incorrect_anchor,final_accuracy,0.9145,0.8832,0.943,351,
ablation,8_full_without_rag|incorrect_anchor,initial_accuracy,0.0,0.0,0.0,351,
ablation,9_full_with_rag|control,CBR,,,,0,
ablation,9_full_with_rag|control,AOR,,,,0,
ablation,9_full_with_rag|control,BCR,0.0,0.0,0.0,30,
ablation,9_full_with_rag|control,HFR,0.028,0.0125,0.0467,321,
ablation,9_full_with_rag|control,CRR,0.8889,0.8547,0.9202,351,
ablation,9_full_with_rag|control,CMR,0.2703,0.1892,0.3514,111,
ablation,9_full_with_rag|control,DR,1.0,1.0,1.0,117,
ablation,9_full_with_rag|control,final_accuracy,0.8889,0.8547,0.9202,351,
ablation,9_full_with_rag|control,initial_accuracy,0.9145,0.8832,0.943,351,
ablation,9_full_with_rag|incorrect_anchor,CBR,0.0513,0.0285,0.0769,351,
ablation,9_full_with_rag|incorrect_anchor,AOR,0.9487,0.9231,0.9715,351,
ablation,9_full_with_rag|incorrect_anchor,BCR,0.9145,0.8832,0.943,351,
ablation,9_full_with_rag|incorrect_anchor,HFR,,,,0,
ablation,9_full_with_rag|incorrect_anchor,CRR,0.9138,0.8822,0.9397,348,
ablation,9_full_with_rag|incorrect_anchor,CMR,0.2973,0.2162,0.3874,111,
ablation,9_full_with_rag|incorrect_anchor,DR,1.0,1.0,1.0,117,
ablation,9_full_with_rag|incorrect_anchor,final_accuracy,0.9145,0.8832,0.943,351,
ablation,9_full_with_rag|incorrect_anchor,initial_accuracy,0.0,0.0,0.0,351,
statistics,,CBR_single3_vs_multi (incorrect anchor),5.55112e-17,,,,test=mcnemar_exact; q=1.38778e-16; rejected=True
statistics,,CBR_single2_vs_multi (incorrect anchor),6.16298e-33,,,,test=mcnemar_exact; q=3.08149e-32; rejected=True
statistics,,CBR high vs low confidence anchor (multi),1.0,,,,test=paired_bootstrap; q=1.0; rejected=False
statistics,,final accuracy control vs incorrect anchor (multi),0.102949,,,,test=paired_bootstrap; q=0.128686; rejected=False
statistics,,final accuracy full framework vs LightGBM-only (control),0.102949,,,,test=paired_bootstrap; q=0.128686; rejected=False
bias_reduction,incorrect_anchor,CBR_single_minus_multi,0.4701,0.3761,0.5641,117,mcnemar_p=5.55112e-17
